{"cameraMode":{"drawMode":0,"name":"Shaded","section":"Shading Mode"},"sceneLighting":false,"audioPlay":false,"sceneViewState":{"showFog":true,"showMaterialUpdate":false,"showSkybox":true,"showFlares":true,"showImageEffects":true,"showParticleSystems":true},"in2DMode":false,"pivot":{"x":-58.50139617919922,"y":-38.866825103759769,"z":-9.223342895507813},"rotation":{"x":-0.0349670872092247,"y":0.9564146995544434,"z":-0.12874674797058106,"w":-0.25975871086120608},"size":156.12474060058595,"orthographic":false}