{"cameraMode":{"drawMode":0,"name":"Shaded","section":"Shading Mode"},"sceneLighting":true,"audioPlay":false,"sceneViewState":{"showFog":true,"showMaterialUpdate":false,"showSkybox":true,"showFlares":true,"showImageEffects":true,"showParticleSystems":true},"in2DMode":false,"pivot":{"x":-10.7886381149292,"y":9.661848068237305,"z":10.971881866455079},"rotation":{"x":-0.13859063386917115,"y":0.807163417339325,"z":-0.2093813717365265,"w":-0.5342658758163452},"size":26.762372970581056,"orthographic":false}