{"cameraMode":{"drawMode":0,"name":"Shaded","section":"Shading Mode"},"sceneLighting":true,"audioPlay":false,"sceneViewState":{"showFog":true,"showMaterialUpdate":false,"showSkybox":true,"showFlares":true,"showImageEffects":true,"showParticleSystems":true},"in2DMode":false,"pivot":{"x":10.830160140991211,"y":3.9927005767822267,"z":7.059753894805908},"rotation":{"x":0.028413953259587289,"y":-0.4939243495464325,"z":-0.01615244522690773,"w":-0.8688867688179016},"size":22.0,"orthographic":false}