{"cameraMode":{"drawMode":0,"name":"Shaded","section":"Shading Mode"},"sceneLighting":false,"audioPlay":false,"sceneViewState":{"showFog":true,"showMaterialUpdate":false,"showSkybox":false,"showFlares":true,"showImageEffects":true,"showParticleSystems":true},"in2DMode":false,"pivot":{"x":0.6741211414337158,"y":0.11015617847442627,"z":0.04296875},"rotation":{"x":0.13161365687847138,"y":0.007435280829668045,"z":-0.0009834388038143516,"w":0.9912792444229126},"size":12.30550765991211,"orthographic":true}