{"cameraMode":{"drawMode":0,"name":"Shaded","section":"Shading Mode"},"sceneLighting":false,"audioPlay":false,"sceneViewState":{"showFog":false,"showMaterialUpdate":false,"showSkybox":false,"showFlares":false,"showImageEffects":false,"showParticleSystems":false},"in2DMode":false,"pivot":{"x":6.882929801940918,"y":6.04119873046875,"z":-10.324146270751954},"rotation":{"x":-0.019494755193591119,"y":0.020096823573112489,"z":0.0003917453286703676,"w":0.9996073246002197},"size":62.697776794433597,"orthographic":true}