{"cameraMode":{"drawMode":0,"name":"Shaded","section":"Shading Mode"},"sceneLighting":false,"audioPlay":false,"sceneViewState":{"showFog":true,"showMaterialUpdate":false,"showSkybox":false,"showFlares":true,"showImageEffects":true,"showParticleSystems":true},"in2DMode":false,"pivot":{"x":-0.12185966968536377,"y":-0.18975922465324403,"z":0.48974609375},"rotation":{"x":0.06374387443065644,"y":0.7021278142929077,"z":-0.06336291134357453,"w":0.7063525915145874},"size":1.7543386220932007,"orthographic":true}